Année,Pays,Happiness_Index,Global_Rank,Subjective_Index,subjective_rank,Engagement civique,Equilibre travail-vie,Liens sociaux,Logement,Qualité environnementale,Revenu et patrimoine,Santé,Savoirs et compétences,Sécurité,Travail et qualité de l'emploi
2004,Luxembourg,0.7017398223404893,1.0,,,0.20357565341051362,,,0.15691746031688736,0.0,0.20357565341051362,0.15466767403350418,,0.17135943584076632,0.1099041229878149
2004,Pays-Bas,0.6666151056300538,2.0,,,,,,0.1871385240471852,0.024144247359173036,0.1826577140896833,0.23001778993353247,,0.2405077316767206,0.1355339928937054
2004,Autriche,0.6661892492291948,3.0,,,,,,0.20969099723923187,3.996569836652895e-05,0.21641531444511117,0.18622434567422624,,0.20773689340935436,0.17989248353370987
2004,Finlande,0.6627927463347106,4.0,,,,,,0.19765029096654568,0.1257306055236307,0.15896332067519142,0.15002398685621118,,0.21275732674521364,0.15487446923320733
2004,Espagne,0.6432949570419375,5.0,,,0.13136274307814677,,,0.1725027565472009,0.13463393201175528,0.11015603850971463,0.1576751212508473,,0.1764368974062526,0.1172325111960825
2004,France,0.6300263971363057,6.0,,,,,,0.2008881792586939,0.012874707065865767,0.183537240797474,0.1963982841260572,,0.2335507919402425,0.17275079681166663
2004,Allemagne,0.6287632576995829,7.0,,,,,,0.1772461352591529,0.00074365835974418,0.20958339408807844,0.22461717016698984,,0.25091061344017795,0.1368990286858567
2004,Irlande,0.5968895385753639,8.0,,,,,,0.22794952563421572,0.003292322343653539,0.10434932110876188,0.257818036577062,,0.2473785955026109,0.1592121988336959
2004,Belgique,0.595478971292549,9.0,,,,,,0.22851228713338156,0.0016256402431225048,0.20429708648388373,0.21661076171050414,,0.21536703760127066,0.13358718682783746
2004,Italie,0.5688410562353331,10.0,,,,,,0.2075055075909795,0.04490801257400751,0.13843861843407682,0.20758383279932777,,0.24120919799196544,0.160354830609643
2004,Grèce,0.5326734946880934,11.0,,,0.1652076727238629,,,0.18278839436069674,0.01600437132801027,0.08899019462255726,0.2164192311555552,,0.18653357509779442,0.14405656071152323
2004,Portugal,0.43533816322175395,12.0,,,,,,0.1815045174521353,0.08692457510699592,0.17482109016176678,0.09571103612490404,,0.23023349673705673,0.23080528441714127
2004,Lettonie,0.35785692851333034,13.0,,,,,,0.4657354752332489,0.011138937752739976,0.14121338939963418,0.11278863614048207,,0.0,0.26912356147389493
2004,Estonie,0.35537956376002794,14.0,,,,,,0.323613827979788,0.004388756663728749,0.1950600047356225,0.07208578856057293,,0.1825427076576271,0.22230891440266085
2004,République slovaque,0.3445893444239318,15.0,,,,,,0.0,1.227647530200892e-05,0.14800420734345407,0.26588607579900964,,0.3647266688821624,0.22137077150007203
2004,Lituanie,0.15239536592001515,16.0,,,0.0,,,,0.00010583117783597519,0.31820052030990426,0.16849695337225667,,0.07618441016424388,0.4370122849757593
2005,Belgique,0.6946622524541464,1.0,,,,0.17994356186534127,0.17994356186534127,0.13006916925840645,0.001010839079916999,0.13835534652923898,0.14281860566271837,,0.14224634939230324,0.08561256634673339
2005,Espagne,0.6918888254745205,2.0,,,,,,0.1531699368785558,0.14518443981074963,0.13585644570027172,0.18386757021977085,,0.20187093114689994,0.180050676243752
2005,Pays-Bas,0.6838373085154527,3.0,,,,,,0.21388864767576926,0.02277145901456443,0.18310079992554085,0.22277966807962274,,0.23626178893497632,0.12119763636952642
2005,Allemagne,0.6769637096256645,4.0,,,0.21102629406255394,,,0.13853354613479996,0.0005749136219218152,0.1798782525497581,0.1544184849206158,,0.20239059933794123,0.11317790937240907
2005,Autriche,0.6546321639998737,5.0,,,,,,0.17337616420878166,3.879041788948135e-05,0.23124715153397357,0.19687746254916344,,0.2205254695578864,0.17793496173230544
2005,Finlande,0.6487678633215027,6.0,,,,,,0.19098200146391528,0.12844861474286182,0.1647066340669892,0.15354049118034988,,0.22294265748503114,0.13937960106085265
2005,Luxembourg,0.6427927053838277,7.0,,,,,,0.18435776992446348,0.0,0.259285248993524,0.21364011903131175,,0.2085377074339676,0.1341791546167331
2005,France,0.6398680227116632,8.0,,,,,,0.19541556639128171,0.011618034359983988,0.1912470721660855,0.20376714718550892,,0.23349095681201573,0.16446122308512415
2005,Italie,0.5599199036393525,9.0,,,,,,0.16181945335451703,0.043765813053495785,0.15257355830962066,0.22742283780312766,,0.2505862573169707,0.16383208016226816
2005,Grèce,0.5026338027261367,10.0,,,,,,0.14758290211834083,0.01795955228666445,0.11953225699417726,0.27342486212404266,,0.2315658029204307,0.20993462355634418
2005,Irlande,0.4281592941368375,11.0,,,,0.0,0.0,0.17149239276572303,0.003326593056545662,0.14069119988188133,0.2739959577290228,,0.24990801769719925,0.160585838869628
2005,Portugal,0.3916004158535437,12.0,,,0.0,,,0.1534321359127692,0.08260902159488383,0.17893920692717893,0.12468860282899122,,0.2276217142758681,0.23270931846030868
2005,République slovaque,0.3841388644050872,13.0,,,,,,0.1152909032048983,1.0662078120428785e-05,0.17292679254818566,0.17592186014510908,,0.33410729875360556,0.20174248327008096
2005,Estonie,0.36773477187682246,14.0,,,,,,0.31009345171936603,0.004130763102483907,0.2103850280602091,0.10505076832069576,,0.16075802511561504,0.2095819636816303
2005,Lettonie,0.2604039055643113,15.0,,,,,,0.32232992823081985,0.014793477463403665,0.16000784080550726,0.06716555028628035,,0.06173943532647052,0.3739637678875183
2005,Lituanie,0.1982804942056576,16.0,,,,,,0.14240951876963576,7.784799743392844e-05,0.3066019829076295,0.09312229531295181,,0.034308574404598585,0.4234797806077503
2006,Finlande,0.6845175449949071,1.0,0.4349233856984476,10.0,0.1086621042981694,,0.07776450050589032,0.12984287075655587,0.08116016304004142,0.10420471669041965,0.08993370529095113,0.16232032608008284,0.1529956131431877,0.0931160001947016
2006,Pays-Bas,0.6844601133901043,2.0,0.4305946366134268,11.0,0.14399778011101083,,0.07958476322369316,0.14799648918247413,0.01899298986124592,0.1269846723140081,0.14628261672484305,0.10354094285811444,0.15170518347918782,0.08091456224542258
2006,Autriche,0.6291944339338079,3.0,0.44775346504273833,9.0,0.14530006466926937,,0.07793424325762704,0.12612445907282854,3.3430520541321585e-05,0.1632673785122814,0.13496773683169408,0.07565932809984435,0.1592254332288989,0.117487925807015
2006,Luxembourg,0.5787451192213151,4.0,,,,,,0.1824683051912748,0.0,0.24683947753953075,0.19154202326718867,0.05882284592648821,0.20818070532809888,0.11214664274741874
2006,Allemagne,0.5776682911793815,5.0,0.5420824778447089,6.0,,,0.10767470856566957,0.14686157700336472,0.0007400157231851308,0.1892281212730355,0.15344263099465094,0.09912961755270853,0.19833566496480498,0.10458766392258055
2006,Belgique,0.5722110100249928,6.0,0.29747923839561785,14.0,,,0.10806190380349988,0.15819681158661023,0.0015403765661155537,0.1666952879915939,0.16953131812612185,0.1142956671307009,0.17475872058566033,0.10691991420969733
2006,Espagne,0.5652397421520216,7.0,0.2512951949261051,15.0,,,0.10732843871910706,0.1407883976600261,0.13900973459005808,0.11302848471494199,0.16654100456731113,0.030438668413477702,0.17404092303192545,0.12882434830315254
2006,France,0.5557515391159843,8.0,0.40721373388005744,12.0,,,0.11132561762593621,0.14633743659087153,0.013659890601196338,0.1631910668351344,0.17308854473943802,0.07284399440302636,0.19630309124870043,0.12325035795569668
2006,Irlande,0.5531034881803795,9.0,0.5,7.0,,,0.11299874496473497,0.13731301413327948,0.0032020941581409165,0.10680649704068261,0.2113495044710783,0.11477579871809841,0.19076321792535164,0.12279112858863364
2006,Italie,0.5235279349589911,10.0,0.6519636064263967,5.0,0.21223530530384144,,0.09949877355944427,0.11727607220385683,0.04037118901751902,0.1089699133144624,0.15184404811886762,0.010714039350944001,0.1539339617459279,0.10515669738513653
2006,Grèce,0.4168874984485529,11.0,0.4854165515530735,8.0,,,0.14992054267060967,0.15186826721380972,0.02370888898242532,0.10731839181792249,0.23549505063312695,0.0,0.19085286776438531,0.1408359909177206
2006,Estonie,0.41222029988917497,12.0,0.7638633065467944,2.0,,,0.10284933493113618,0.21580711170829692,0.003473480702696783,0.12784603375564701,0.06340394149483049,0.1755668485351098,0.13647206766245176,0.17458118120983115
2006,Portugal,0.410494690862551,13.0,0.32110066941463206,13.0,,,0.14848838832749484,0.12901687104479193,0.08515580309373733,0.15110049376981474,0.09701340718999647,0.0236359161954765,0.21554261040040812,0.15004650997828006
2006,République slovaque,0.28142631951427727,14.0,0.6660496285199017,4.0,0.0,,0.17339040794608807,0.11713597689094547,1.2153131139041682e-05,0.13829580612815415,0.16994482938836525,0.08062307135691152,0.16734267343198542,0.1532550817264111
2006,Lettonie,0.27928794757097575,15.0,0.7167945558190618,3.0,0.08671337447402354,,0.1546701389190685,0.22024540883380764,0.011501384285791295,0.10487884577537042,0.03443155150494334,0.09403810064000559,0.08448408008531817,0.20903711548167164
2006,Lituanie,0.20717241819567062,16.0,0.859375,1.0,,,0.16262850657694616,0.16980880750158017,6.906697981623828e-05,0.20931652551402713,0.04314766394235009,0.11790601100492966,0.029512280099988627,0.2676111383803618
2007,Pays-Bas,0.6899281049970681,1.0,0.391304347826087,7.0,,,0.104317867103758,0.1933766653653759,0.01819974776204338,0.1703065528731005,0.18454159638370923,,0.2044960388220297,0.12476153168998332
2007,Finlande,0.6732147360127935,2.0,,,,,,0.20810599556416398,0.12378417891873018,0.15927572624861294,0.14231469825607862,,0.206670806017676,0.1598485949947383
2007,Luxembourg,0.6599382316075002,3.0,,,,,,0.19766435589047732,0.0,0.2511852332863438,0.1887958825761096,,0.20973243608587044,0.15262209216119885
2007,Belgique,0.645194222374976,4.0,0.19162284002518976,9.0,0.1937401105978164,,0.09814522409008053,0.14707012965912533,0.001028517292485704,0.15063252484424153,0.14874730368936742,,0.16371010619457793,0.09692608363230512
2007,Autriche,0.6451549854200499,5.0,,,,,,0.20194099911587213,3.6489560940406906e-05,0.179763089463431,0.1916129225625907,,0.23331152208103326,0.1933349772161325
2007,France,0.6430379443155726,6.0,0.3192444633795919,8.0,0.14700851530654072,,0.09885098708398002,0.1440365983487061,0.008167551061793146,0.14116937318589678,0.15207690141966107,,0.18054709612975645,0.1281429774636656
2007,Allemagne,0.621354855321502,7.0,0.5125797393838201,5.0,,,0.11764894669615876,0.17222144941991716,0.0005923904997490156,0.20513205219810784,0.1576758225228336,,0.22370768123136492,0.12302165743186871
2007,Espagne,0.5879943020465703,8.0,0.11470446433833316,10.0,,,0.12147833946682385,0.1641684449831208,0.05177230600574921,0.11472320700581835,0.17845166007195265,,0.2048672592023179,0.16453878326421714
2007,Irlande,0.5499601631746512,9.0,,,0.04559363935987558,,,0.17527366941689457,0.0027462736238952107,0.13911111158047693,0.24085790245343836,,0.23274661935771893,0.16367078420770048
2007,Italie,0.5412979355752571,10.0,0.6154095818045207,4.0,,,0.12601050158667676,0.15439925907052446,0.03930341364760312,0.1362624091245651,0.19194414963087975,,0.2041785581199271,0.14790170881982376
2007,Grèce,0.5264790180351929,11.0,0.41554928929690305,6.0,0.09954489048833726,,0.11871318297403095,0.12106412496732455,0.12934619441203438,0.0859394869758831,0.17978060907207763,,0.15798175941212134,0.10762975169819071
2007,Portugal,0.4668531109855996,12.0,,,,,,0.156810832689516,0.033730268465520984,0.1665970298525263,0.16271657113159493,,0.30451977933119245,0.1756255185296493
2007,République slovaque,0.3551345561919829,13.0,,,,,,0.1858651479504092,1.0855883677273967e-05,0.17608853884899664,0.19016238892290502,,0.2753254803180944,0.1725475880759175
2007,Estonie,0.3478830149262633,14.0,0.7870618707085975,2.0,0.0,,0.12012786031981391,0.26403227972163335,0.004080230649879346,0.16958359580015286,0.06739018492193706,,0.1692778060223591,0.2055080425642243
2007,Lettonie,0.33299350808761546,15.0,0.721626490667282,3.0,,,0.16451601933196816,0.26829722207016754,0.009305494867971333,0.13620797519676225,0.05215906375977406,,0.09338623945250867,0.276127985320848
2007,Lituanie,0.25210198884468465,16.0,0.8695652173913043,1.0,,,0.14851588669641988,0.24739948177499865,4.8745220121998715e-05,0.24170586986727616,0.05304605830035282,,0.021249903190741146,0.2880340549500894
2008,Pays-Bas,0.6780839955244641,1.0,0.511359418163826,6.0,,,0.10440794301290399,0.19484044739248998,0.013883676957090729,0.17346891176004345,0.18695575993564306,,0.19511274604559614,0.1313305148962326
2008,Finlande,0.6581078216872113,2.0,0.34183673469350273,10.0,,,0.11032928012263965,0.18245010940153655,0.10853627486974368,0.1377741019762791,0.12277401426802109,,0.19400156337715352,0.1441346559846265
2008,Luxembourg,0.650262935945217,3.0,0.34019564079946363,11.0,,,0.11281521802040807,0.16976536035350084,0.0,0.21831253491941377,0.17680496573858334,,0.1943062204158131,0.12799570055228077
2008,Autriche,0.6320202267179535,4.0,0.4069432437471874,9.0,0.13223120622081175,,0.1029871509462616,0.15304543539437063,2.0779578100194023e-05,0.13500294614915284,0.1443319516891087,,0.17970595830433897,0.15267457171785534
2008,France,0.6089942457378832,5.0,0.24102517259330952,13.0,,,0.1212592477530673,0.17404749390404753,0.008402161954368324,0.171204311165961,0.18110370996558145,,0.18702723995708923,0.1569558352998851
2008,Allemagne,0.5918807848652012,6.0,0.4658147261766865,7.0,,,0.12304290105848065,0.17561675467380303,0.0004676033088221547,0.16806794869549976,0.17643264756947316,,0.22066122394809595,0.1357109207458252
2008,Irlande,0.5815047626021776,7.0,0.5598805604022404,4.0,,,0.12283402651585426,0.16785104226709685,0.001934473399644145,0.1313372811230887,0.2300808855800792,,0.19551172587776575,0.15045056523647102
2008,Belgique,0.5783372763794559,8.0,0.21100131161149605,14.0,,,0.12929981143734365,0.19851514453953065,0.0009855237624996854,0.17934945866587207,0.1854527656084684,,0.18364243663636148,0.12275485934992399
2008,Italie,0.577894024173003,9.0,0.5163301819733123,5.0,0.21630263468960703,,0.1144841336207628,0.11128953970651485,0.02922114141029381,0.1110902169617974,0.15660763850440884,,0.15123894966819754,0.10976574543841777
2008,Espagne,0.5509495020440281,10.0,0.3311081949666961,12.0,0.0,,0.11196063468020644,0.15052711773162775,0.12986738085067878,0.1088122599936134,0.1879518552579211,,0.17878530845501628,0.1320954430309363
2008,Grèce,0.5057287803231777,11.0,,,,,,0.14796707028150966,0.17055860442493262,0.12334305182006806,0.24679111224788067,,0.17034991161163424,0.14099024961397486
2008,Portugal,0.45169815263568197,12.0,0.45777579294511594,8.0,,,0.16563154795301732,0.133274094999151,0.0535734316576664,0.1405175125394765,0.14794878287756238,,0.21939916252681363,0.13965546744631277
2008,Estonie,0.4267414204452659,13.0,0.7655106617185174,2.0,,,0.1598239703867742,0.27361906613283904,0.003228947372757958,0.16354489229595193,0.0717005119012059,,0.15588818525866135,0.17219442665180962
2008,République slovaque,0.3587281023960522,14.0,,,,,,0.17033624400837788,8.060040887511254e-06,0.16899974499858314,0.18622467735734322,,0.29808385078402855,0.1763474228107797
2008,Lettonie,0.32835034722878303,15.0,0.6275024003238034,3.0,,,0.2175376759349138,0.2706519826827798,0.007066406379867701,0.14221866889050327,0.0382036439976635,,0.08666503449623879,0.23765658761803315
2008,Lituanie,0.2270600756477126,16.0,0.7857142857151604,1.0,,,0.15106605150443128,0.23841120021613765,4.004360750406638e-05,0.2801278199425744,0.01804209147634652,,0.0021546579213058592,0.3101581353317003
2009,Pays-Bas,0.7201538291804832,1.0,,,,,,0.18711973998986564,0.014526160187296324,0.16689532599287354,0.17962935168771887,0.1333034555203825,0.19175797239374118,0.12676799422812193
2009,Luxembourg,0.640186802549938,2.0,,,0.19525550902035244,,,0.16166034291192835,0.0,0.19369968823134565,0.15674763237903222,0.03440042902246557,0.1281504780592923,0.13008592037558353
2009,Finlande,0.6271357821985025,3.0,,,,0.05523289030709754,0.0656803644603532,0.1549955112506112,0.08858616767296972,0.10003060878119527,0.09690019878629794,0.17717233534593943,0.14769535073339016,0.11370657266214555
2009,Allemagne,0.5984096842695569,4.0,0.4514193500676513,6.0,0.09016039762461527,,0.0935963904905925,0.1401927314110296,0.00040068634620659424,0.15880983090105455,0.13519195716999313,0.10238951920217783,0.1707475026253943,0.10851098422893629
2009,Espagne,0.5864162502513176,5.0,0.3198886486867818,10.0,,0.16764041832559565,0.0810267878003963,0.118232340804487,0.10997872594360436,0.08094658974977903,0.1547550516060162,0.04021125622980208,0.15177859260020116,0.09543023694011825
2009,Autriche,0.580289451866172,6.0,0.3877551020402541,9.0,,0.0957376622595717,0.129355502591584,0.14697417622554426,2.2176003839131144e-05,0.12773685469537377,0.1370850257096842,0.04571920054149067,0.17220869383917078,0.14516070813374152
2009,Belgique,0.5731295039376683,7.0,,,,,,0.19966489791718112,0.0011074152976464852,0.18515671695480687,0.18448187236251373,0.13719679885601835,0.1706592518903594,0.12173304672147399
2009,Irlande,0.5575638777713497,8.0,0.5423163634521927,4.0,,,0.11209477961488477,0.1686205899200515,0.0019492282066194528,0.12458375931248604,0.20676185638911654,0.0849731001288614,0.18045163363463151,0.1205650527933487
2009,France,0.5522423070154958,9.0,0.23069005793026956,11.0,,0.06706664188261438,0.09384810347909966,0.14728838748100517,0.008562400484743228,0.1656742110374227,0.15184866838003594,0.07713760080662763,0.15679171656015167,0.1317822698882997
2009,Italie,0.46625849394927593,10.0,0.505579656030495,5.0,,,0.13825197889512805,0.12805948660600625,0.03234693358141544,0.1286213201222795,0.19458920569555055,0.06344487187989142,0.18738967348010324,0.1272965297396256
2009,Estonie,0.4237110045976742,11.0,0.7587996546422071,2.0,,0.14324818621021895,0.08141741502295591,0.21751486978637247,0.0024777124085801974,0.10981926383590314,0.06927967789382276,0.15628557296239268,0.1258340572134063,0.09412324466634768
2009,Portugal,0.39496327650253643,12.0,0.44957515930816755,7.0,0.056881675913247845,,0.14327255941482395,0.12162009632931817,0.05322827724022863,0.11376563169779173,0.1251236942105903,0.08075722637126259,0.20235014286734737,0.10300069595538945
2009,Grèce,0.3877619657647636,13.0,0.4182160052008897,8.0,0.14016326818257985,,0.16458509898564208,0.1206751216168461,0.01637499833481822,0.09522656529796363,0.21125489825497235,0.020301892697471992,0.12107019926349008,0.11034795736621579
2009,République slovaque,0.3716202975368202,14.0,,,,,,0.138243247246375,7.412583560482145e-06,0.15877184881766776,0.15659511211765914,0.10052876129102557,0.30429513897083943,0.1415584789728727
2009,Lettonie,0.280793462028619,15.0,0.6207812902155398,3.0,,,0.2137731851552021,0.2683977800773056,0.00802341819620341,0.12466752288196035,0.03719255410240703,0.10776606085104766,0.09462139564288508,0.14555808309298865
2009,Lituanie,0.15584399290017922,16.0,0.7857142857151604,1.0,0.0,,0.1656493314295349,0.1914735422740858,5.0437390731436686e-05,0.2762819538058094,0.021173165288640983,0.09382682755895096,0.037639309594517396,0.21390543265772904
2010,Pays-Bas,0.6541217990902576,1.0,0.511359418163826,4.0,0.10416551212174176,,0.0926254442155643,0.17653725053677868,0.013751608008842212,0.15742507185033394,0.17232342831499622,,0.17635654624883337,0.10681513870290948
2010,Belgique,0.6436949991821819,2.0,0.21100131161149605,14.0,0.19419134863376786,,0.09773462951751463,0.16356864532483253,0.0008498673278948527,0.15883123243415065,0.141404235340657,,0.13856703778589158,0.10485300363529088
2010,Finlande,0.6354641732758388,3.0,0.34183673469350273,10.0,,,0.11128626669982998,0.1811342360965552,0.11240377417401012,0.14846838726592718,0.12392040702789728,,0.20121853002611353,0.12156839870966664
2010,Luxembourg,0.6308341828810567,4.0,0.34019564079946363,11.0,,,0.11363074026989178,0.1741610821976005,0.0,0.2233794539172853,0.18013448284713746,,0.1825246511963426,0.1261695895717424
2010,Allemagne,0.6302217401131855,5.0,0.4658147261766865,6.0,,,0.11133592121296325,0.19159856719638274,0.00048208350385172983,0.1988363293247054,0.16242320452513775,,0.20622706031175123,0.1290968339252078
2010,Autriche,0.6061301483831968,6.0,0.4069432437471874,9.0,,,0.11724864457329923,0.18510384042315178,2.6636999374709307e-05,0.15756686077232235,0.1648894770044269,,0.21245528783667383,0.16270925239075126
2010,Espagne,0.5995286697864163,7.0,0.3311081949666961,12.0,,,0.11403150942896433,0.13404519813663748,0.12591196719876374,0.11846935786278998,0.20032577553890174,,0.18826254270884912,0.11895364912509365
2010,France,0.5941565787628013,8.0,0.24102517259330952,13.0,,,0.1199499121833664,0.18467141575493815,0.009461584461444046,0.17262316188487603,0.17888030598854607,,0.1842023038202378,0.15021131590659154
2010,Irlande,0.5718805771485106,9.0,0.5598805604022404,2.0,,,0.12490120189905012,0.2014003882864785,0.002121208427459069,0.12493305348696766,0.23329494874392112,,0.20172967370889563,0.11161952544722792
2010,Italie,0.527125691427461,10.0,0.5163301819733123,3.0,,,0.13157737393883878,0.1471003772181891,0.029851908227595203,0.17261932135675234,0.20834322845314002,,0.18323031735306913,0.12727747345241536
2010,Grèce,0.48285844701340136,11.0,0.42742428925908327,8.0,,,0.15782973618597124,0.1149433238377286,0.15877970316787182,0.09407115793858012,0.21871373129121868,,0.12417360787236333,0.1314887397062663
2010,Portugal,0.4658577240089497,12.0,0.45777579294511594,7.0,,,0.14613379022871936,0.15257674439454114,0.07905867432138507,0.1459910997381312,0.13501751768740194,,0.1881297902754603,0.15309238335436093
2010,Estonie,0.38419211477271187,13.0,,,,,,0.30899018742808465,0.0031014960503940084,0.15947773196110276,0.12734548033328869,,0.22255882920114112,0.17852627502598883
2010,République slovaque,0.3144220723546129,14.0,0.5062376246888873,5.0,0.0,,0.17387304128474243,0.19593400690837284,7.535599725723575e-06,0.09131300554758096,0.1839781454484499,,0.21644770719464793,0.1384465580164803
2010,Lettonie,0.21470419560775517,15.0,,,0.1287807604643508,,,0.3251107265427831,0.011768526464458112,0.1914208298726594,0.05823903706761882,,0.040964022443821434,0.24371609714430834
2010,Lituanie,0.19630858737368476,16.0,0.7857142857151604,1.0,,,0.13716863285140982,0.22120953595535056,5.000247569804909e-05,0.27392822529329974,0.03341023633730121,,0.06818654439837997,0.26604682268856067
2011,Pays-Bas,0.6625659671763039,1.0,0.39583333333125004,10.0,,,0.10658837614119508,0.20449423676557685,0.014636773852595604,0.15042884628196995,0.18878100024987485,,0.19981208027149844,0.13525868643728917
2011,Espagne,0.6574815405458242,2.0,0.38832327298942537,11.0,0.17474327888629573,,0.0932355656616889,0.11275790464225384,0.10930791804995683,0.10373180610425851,0.16666281419155904,,0.15981363185409395,0.07974708060989326
2011,Finlande,0.6426643791966301,3.0,0.3760741711355621,12.0,,,0.10741529211425262,0.1845834908556465,0.11114443828030664,0.14540266359865128,0.1247324378983091,,0.18331328380126477,0.14340839345156917
2011,Irlande,0.6295607794798259,4.0,0.5791440038730029,5.0,0.19855112337728717,,0.09927556168864358,0.16433154005636738,0.0015767928567567337,0.10166933688621244,0.18235436015681186,,0.1641109468324552,0.08813033814546571
2011,Autriche,0.6139042112412628,5.0,0.4919205187419455,8.0,,,0.11322998789603596,0.19583287655291487,2.4633498368202087e-05,0.1422116775823945,0.1620809978599419,,0.21074562782840803,0.17587419878193647
2011,France,0.6033844698309628,6.0,0.3328903199591384,13.0,,,0.1185527141133796,0.18341210359471777,0.009142336729436356,0.17512755576049796,0.1800200717204005,,0.16632323632580195,0.1674219817557658
2011,Allemagne,0.5911795035905149,7.0,0.4655014628992753,9.0,,,0.11992396746333508,0.2056252374277054,0.0004866765810368178,0.12821142556413992,0.1727452313549487,,0.2121874342857577,0.16082002732307632
2011,Luxembourg,0.5736206028026165,8.0,0.29039301276383567,15.0,,,0.11513731156768456,0.19293996778462166,0.0,0.1477123528117759,0.1952370001588627,,0.18403407037568104,0.16493929730137416
2011,Belgique,0.5655648471397264,9.0,0.234179626899654,16.0,,,0.1264531353529089,0.21529148494333106,0.0010465216775770523,0.19050009292295922,0.18251582948745357,,0.14813045575664271,0.13606247985912753
2011,Italie,0.49041181456537214,10.0,0.5479341131342411,6.0,,,0.1415143688366065,0.14383533714853927,0.033144297227247044,0.15501350984424309,0.20909449504920238,,0.16844651720998427,0.14895147468417747
2011,Portugal,0.39846694033402025,11.0,0.30009258433592884,14.0,0.0,,0.1424744484180729,0.19016089620252108,0.03708763820388843,0.15238088048121748,0.1604187100132832,,0.17233948318614564,0.14513794349487125
2011,Estonie,0.37879509805509587,12.0,0.6320521578856118,3.0,0.15290357277324942,,0.14505654627661185,0.21966406200697738,0.0028671286017990373,0.135376607330908,0.09307989058151933,,0.13342376236181935,0.1176284300671156
2011,République slovaque,0.36396032828493385,13.0,0.5262746440040476,7.0,,,0.16615146731222752,0.18109255964544246,7.027510513317903e-06,0.1622329016628275,0.1486270339345654,,0.1808687235914441,0.1610202863429797
2011,Grèce,0.34375394130443204,14.0,0.70833333333125,2.0,,,0.20778982535450713,0.12483775454349096,0.01965805464041927,0.1274413291022373,0.31359673356738865,,0.10210282882309452,0.1045734739688621
2011,Lettonie,0.24495512928772806,15.0,0.5829643023957289,4.0,0.06276616757203121,,0.21440902600231163,0.2645160832869132,0.008483185726143472,0.1700651531513025,0.0542653691067505,,0.10310955177616264,0.12238546337838492
2011,Lituanie,0.17402827819847191,16.0,0.836432957438094,1.0,,,0.2334760647251011,0.22621144256002368,5.32774879610663e-05,0.31467322617730914,0.0,,0.054215462105821406,0.17137052694378366
2012,Pays-Bas,0.6925130541532004,1.0,0.39583333333125004,10.0,0.11670877146183084,,0.07931704692214374,0.1483025494085237,0.038271503487760185,0.11178698096074745,0.13931603202772708,0.11966100443818418,0.14547688618156826,0.10115922511151458
2012,Finlande,0.671176981368281,2.0,0.3760741711355621,12.0,0.08285127365571535,,0.07999610097452348,0.13935007290250492,0.11036444355267444,0.10899066505196668,0.09129026909729943,0.13760226795409936,0.1406197479817779,0.10893515882943844
2012,France,0.6563293846306127,3.0,0.3328903199591384,13.0,0.1692916905947237,,0.08476943938210699,0.13296995879343676,0.01804144365814262,0.12669867251081493,0.13064176023257246,0.09333907559867294,0.11867703815074863,0.12557092107878093
2012,Allemagne,0.6414618056452398,4.0,0.4655014628992753,9.0,,0.08660773730662388,0.11504696305835187,0.15007090524661484,0.022995166810098822,0.12013175537617764,0.1246872556361233,0.11608616455297435,0.1516347335578923,0.11273931845514296
2012,Autriche,0.6318446825604851,5.0,0.4919205187419455,8.0,,,0.09626308851832349,0.15972630819369987,0.040808407112776,0.1291377787310536,0.14200277461231703,0.10663349758628517,0.17542578947779994,0.15000235576774482
2012,Luxembourg,0.6168671888470458,6.0,0.29039301276383567,15.0,,,0.06245481831750874,0.14879587489608231,0.051051852415493086,0.19787791626190737,0.16515326709738432,0.08420769986140986,0.14697555116180364,0.14348301998841062
2012,Irlande,0.6065303789871256,7.0,0.5791440038730029,5.0,,,0.1030451271119705,0.15959860746154692,0.033399480593281516,0.10843754570253625,0.19081666802908673,0.12170273137107389,0.16782467607418064,0.11517516365632359
2012,Belgique,0.5928478441180919,8.0,0.234179626899654,16.0,,0.0937096357973585,0.10417401967931762,0.15261199771874842,0.010815172173565219,0.1416289875787686,0.13748132440478975,0.14005470825503627,0.11168703688590007,0.1078371175065156
2012,Espagne,0.5718095038066021,9.0,0.38832327298942537,11.0,,,0.1072046948097626,0.1282135963293847,0.09320911903707424,0.11251499185680092,0.18877252955557214,0.08307517811086358,0.1824936157818437,0.10451627451869815
2012,Italie,0.4834845845380061,10.0,0.5479341131342411,6.0,,,0.12559920326152782,0.10904867786509452,0.04816598405840552,0.13879775338357847,0.1958005576787428,0.08578864739275273,0.1464080080097548,0.15039116835014332
2012,Estonie,0.4511086535268942,11.0,0.6320521578856118,3.0,,,0.12180371234467335,0.19185885917500684,0.053667383920523164,0.11733919262515534,0.06763827128734409,0.18902788161978976,0.11925747456601578,0.13940722446149167
2012,Portugal,0.4482145024709481,12.0,0.30009258433592884,14.0,,,0.12666113484493166,0.15507309480248788,0.022862730667937464,0.13164096397240818,0.13987980679567988,0.1098321678836833,0.16343956920868738,0.15061053182418438
2012,République slovaque,0.3777754741937105,13.0,0.5262746440040476,7.0,0.0,,0.12450305274856184,0.14582395500956027,0.06454110777271171,0.11029470106496991,0.14554567108337021,0.10743167821108883,0.15614724392006363,0.14571259018967353
2012,Grèce,0.35555324830751167,14.0,0.70833333333125,2.0,0.04943534904124738,,0.2082708284975084,0.06075989960562249,0.1546588194602773,0.09184225223514861,0.23151868309194898,0.02453936258782252,0.09013612096408823,0.08883868451633609
2012,Lettonie,0.3310480529997662,15.0,0.5829643023957289,4.0,,,0.15864944744106133,0.20235495421084715,0.055298276536830025,0.13799520141387878,0.04451773331510963,0.17758048370759427,0.07285045747235305,0.1507534459023257
2012,Lituanie,0.24463639554361458,16.0,0.836432957438094,1.0,,,0.14532795814203725,0.15092336714640886,0.0990497887492918,0.2156211343939944,0.0,0.16602382499247162,0.03955045506495556,0.18350347151084045
2013,Finlande,0.6617663648066519,1.0,0.5504296684542249,4.0,,0.12728629463050617,0.10489402178876572,0.15908204111989735,0.09444420768991578,0.12399768878134332,0.1066684065501056,,0.15571805668232214,0.12790928275714394
2013,Luxembourg,0.6548030671075433,2.0,0.45400612578715993,9.0,0.16968630217619687,0.09448621643526868,0.0875361565178777,0.12819454590833146,0.0,0.1619624859006697,0.13670650311538096,,0.10385528088812793,0.11757250905814666
2013,Pays-Bas,0.6525591339423491,3.0,0.5318752457829148,5.0,,0.12177707460693243,0.10523931019315393,0.17373701958459192,0.004238620409930111,0.12808816765232528,0.1672212953192162,,0.176586467772761,0.12311204446108907
2013,Espagne,0.5920276580313171,4.0,0.41735082001055834,15.0,,0.0904216032580236,0.1096366654958863,0.13122999928194934,0.11078020464594897,0.10343279867681184,0.17753052584438456,,0.17819924056378977,0.09876896223320561
2013,Irlande,0.5868276706691098,5.0,0.5635356676195892,3.0,,0.10976674238045893,0.12862439802039083,0.16458753333804108,0.0005419870780840268,0.1051968421098611,0.19601980534607766,,0.16845771569991716,0.12680497602716914
2013,France,0.582917757604628,6.0,0.4196553801766906,14.0,,0.10270041039000279,0.11146160909455083,0.1643558501722448,0.002518662536537492,0.15558146945432533,0.16221727485566736,,0.15136944885291387,0.1497952746437575
2013,Autriche,0.5729022311727611,7.0,0.5835494884881381,1.0,0.03341140003148955,0.11241346003728374,0.11331455940649153,0.15506834970629482,6.54611690256478e-06,0.12884168665009885,0.1377958669103572,,0.1748187362261963,0.1443293949148855
2013,Belgique,0.5671764636963768,8.0,0.4404629110729939,11.0,,0.11674942929070292,0.10349362327998142,0.18775703332660396,0.0002998137218071179,0.16604478643029963,0.16442124595966698,,0.13080660293509183,0.13042746505584624
2013,Allemagne,0.517673700837981,9.0,0.4887962627004465,6.0,0.0,0.09086632387387511,0.10642120135573811,0.18499640347587076,0.00014197799077714135,0.14733150207334725,0.15149147089352516,,0.18802525104391402,0.13072586929295243
2013,Portugal,0.4775058767983831,10.0,0.33101510044155835,16.0,,0.11812320240171525,0.138963224711143,0.13637943433774138,0.042656243838600165,0.15569516247146797,0.11638442727018958,,0.15568737118268983,0.13611093378645273
2013,Italie,0.4567700411595529,11.0,0.44352393709864685,10.0,0.045377645860701234,0.15144349162449175,0.10627815706216572,0.11292405797557224,0.008187271806893772,0.1251506562667965,0.1788996960459624,,0.13905113532527885,0.13268788803213746
2013,République slovaque,0.4311862232733907,12.0,0.48016980863276226,7.0,,0.1391307934533554,0.14663056765653532,0.13401332245344133,1.696173204541067e-06,0.1191756933667418,0.15139661882830913,,0.16568024353022304,0.1439710645381895
2013,Estonie,0.40962584672045455,13.0,0.4233569042610359,13.0,,0.11984323789887306,0.14153358176400788,0.22808849518102084,0.001132153922534406,0.13557720873784537,0.07113468169110768,,0.13776327012735742,0.16492737067725327
2013,Lettonie,0.3359861026315582,14.0,0.42867432845679543,12.0,,0.20554608669116212,0.19486945914686749,0.20272424971230096,0.002000266767918498,0.12858862682775396,0.04030405643221608,,0.051840788309544264,0.17412646611223667
2013,Grèce,0.2868619296349062,15.0,0.45854561968034685,8.0,,0.07455477915886512,0.17429988030700277,0.0714713528417429,0.024088025935408142,0.1191517672068183,0.3092015637281202,,0.12402358905747804,0.10320904176456452
2013,Lituanie,0.27466847544652856,16.0,0.5716135084760221,2.0,,0.20624574234590762,0.20405917975873503,0.11851005787175188,9.519240597343387e-06,0.2252101563154523,0.0027825046289180334,,0.026339678969465555,0.2168431608691722
2014,Finlande,0.657123476518285,1.0,0.3916666666675,16.0,,,0.10617605612736263,0.1714220834124353,0.10869885794832636,0.14005091527727323,0.13971189101748746,,0.20211131383074057,0.1318288823863744
2014,Pays-Bas,0.6477433519651027,2.0,0.4625042658967402,12.0,,,0.10807874835150608,0.2031008306943453,0.006443801496686438,0.15045788142721905,0.19383690152914654,,0.20827147384186068,0.12981036265923593
2014,Belgique,0.6115875272137177,3.0,0.47235851662314043,11.0,0.20438611717521027,,0.1020634911238678,0.16378672201689912,0.00036842352896842944,0.13109449709455745,0.15060855538866647,,0.1313723621100982,0.1163198315617322
2014,Autriche,0.5977726545020136,4.0,0.5703304335192243,8.0,,,0.11849379482865292,0.18284518626965304,1.0490920160943605e-05,0.15407183427406076,0.17118503393102114,,0.21218423012021234,0.16120942965623877
2014,Luxembourg,0.5884661522228986,5.0,0.4559541065977265,13.0,,,0.122490634478144,0.20146727617790386,0.0,0.20247307183733654,0.1641001744475531,,0.16822179069248908,0.1412470523665735
2014,Allemagne,0.5805136025829233,6.0,0.4508575585884119,14.0,,,0.12124770032622795,0.2134633533092611,0.00021575900807206504,0.154575861570303,0.15137509223506573,,0.20682925868782734,0.1522929748632427
2014,Irlande,0.5737607454724013,7.0,0.5843092241228611,7.0,,,0.12449191059552407,0.19682747085931357,0.0008293893806870716,0.11999931701343815,0.215346609917593,,0.20528373953288792,0.13722156270055624
2014,Espagne,0.5736369714815913,8.0,0.6787070071484298,5.0,,,0.12560275199485155,0.14048269289666715,0.0595098787824935,0.124544803849123,0.19180595165947303,,0.2407983017643645,0.1172556190530273
2014,France,0.552061034866732,9.0,0.4088898892439805,15.0,,,0.1283068841264564,0.1849244526044108,0.004117272230320341,0.15543572186209445,0.18447377814327356,,0.1840146984498734,0.15872719258357113
2014,Italie,0.46821816698766616,10.0,0.7983596719446974,2.0,,,0.15055648958407236,0.14877743162124596,0.013530862793895027,0.1481929029227519,0.23535795821311142,,0.14863834879347224,0.1549460060714511
2014,Grèce,0.45900174034976066,11.0,0.75,3.0,,,0.13616506105701215,0.056112565375136224,0.14021005887789906,0.06619867051715674,0.2137055025689293,0.18155341474268286,0.12665424087475624,0.07940048598642742
2014,Portugal,0.4471552185643897,12.0,0.4916565055377708,10.0,,,0.14492516321890203,0.1597968187044267,0.026712493770543678,0.13232978094547335,0.1087190103352198,,0.22829847696423572,0.1992182560611988
2014,Estonie,0.43374468082305934,13.0,0.6538286869010793,6.0,,,0.141183834439875,0.23882638999547506,0.0011673437411205616,0.14034050763692105,0.09721980399013631,,0.1899434569737147,0.1913186632227573
2014,République slovaque,0.40228879055001954,14.0,0.5102484602343171,9.0,,,0.14812501208043244,0.1672044545948536,2.746918843981891e-06,0.10837724183338762,0.21179604938006721,,0.2025778701668469,0.16191662502556814
2014,Lettonie,0.2899209746381116,15.0,0.7217409212673744,4.0,0.07627001770095972,,0.1568887854490243,0.24209645856875203,0.0030483046804701103,0.13214642432810111,0.09616484981996895,,0.0770235033686577,0.21636165608406593
2014,Lituanie,0.2227848948070088,16.0,0.8658053892366369,1.0,0.0,,0.10565579072491546,0.10341867642737021,1.3792074527427498e-05,0.23542513119511457,0.09734134759887061,0.16624572805584956,0.08365708783229339,0.20824244609105874
2015,Finlande,0.6833597404598064,1.0,0.3916666666675,16.0,,,0.08933717940957224,0.135092766764093,0.09145988020591637,0.11848003698752943,0.12109960173236407,0.17238533801617428,0.1629476704273405,0.10919752645701011
2015,Espagne,0.6557524100796317,2.0,0.6787070071484298,5.0,0.16944064467505085,,0.08545784253936699,0.0973228851401078,0.08740043731210481,0.08253486495733355,0.1452540138830208,0.08752829563869836,0.16502372299306145,0.08003729286125538
2015,Pays-Bas,0.6444911072479703,3.0,0.4625042658967402,12.0,,,0.09504612042405432,0.16731814518920812,0.0027228469671706167,0.1295164892419726,0.1699640646642471,0.14541811036355734,0.18260005670031026,0.1074141664494797
2015,Irlande,0.6151572289510084,4.0,0.5843092241228611,7.0,,,0.10160004151552862,0.16086935341413183,0.0003224717563943396,0.0974431303039753,0.191743082726288,0.1548272880263552,0.17515423823789736,0.11804039401942928
2015,Allemagne,0.613406943593961,5.0,0.4508575585884119,14.0,,,0.10040267321603961,0.16761803298349734,8.617306154411016e-05,0.1365260550171427,0.14200933950450542,0.15244423616314834,0.1701893024114792,0.13072418764264326
2015,Autriche,0.5896932805210373,6.0,0.5703304335192243,8.0,,,0.10510261612169947,0.15956778013923742,0.0041421945886351225,0.13845603638001108,0.1515626332703822,0.1129511082615019,0.18073500390383423,0.14748262733469855
2015,France,0.5839753131904102,7.0,0.4088898892439805,15.0,,,0.10613304351659536,0.15179935849618703,0.002105506864675439,0.1576561943147277,0.16700741139750036,0.12380553630105445,0.1502804435144877,0.14121250559477194
2015,Belgique,0.568225171708665,8.0,0.47235851662314043,11.0,,,0.10985215239153344,0.16448945761554093,0.0001912024493498735,0.1664579534585578,0.16112188618415776,0.14859866881809744,0.13384132559250084,0.11544735349026197
2015,Luxembourg,0.5625419659045402,9.0,0.4559541065977265,13.0,,,0.11211855671770604,0.1799001729030429,0.0,0.1555695538270552,0.17471674160289252,0.09122228523476014,0.14752494860540302,0.13894774110914027
2015,Estonie,0.48756929872507254,10.0,0.6538286869010793,6.0,0.11013703468280228,,0.09768734677338134,0.1815203437707961,0.003438148748212789,0.09371049200095763,0.0476227730963549,0.22040375184306338,0.12674501156027454,0.11873509752415716
2015,Italie,0.46826598089610155,11.0,0.7983596719446974,2.0,,,0.13172347693392206,0.12202382568731675,0.023463852751813966,0.13648148859846074,0.19426480649222722,0.1163947377203555,0.12651066433934938,0.14913714747655443
2015,Portugal,0.42311016851039157,12.0,0.4916565055377708,10.0,0.0,,0.11912534449346503,0.1311302145367869,0.020667787964094672,0.11682696748069159,0.120130233245327,0.15553018676392494,0.18668704719175674,0.14990221832395317
2015,République slovaque,0.34944575644083486,13.0,0.5102484602343171,9.0,,,0.14920886004196374,0.1693179523329195,0.014644090409496385,0.1368995474526363,0.1471268463418324,0.04801615798641733,0.15158606579763512,0.18320047963709918
2015,Grèce,0.3474434801492584,14.0,0.75,3.0,0.14921367340114944,,0.15989810927431827,0.0636840605683064,0.015955791920186674,0.08231902073226799,0.25041561389384553,0.020949256230040316,0.14105494988652342,0.11650952409336186
2015,Lettonie,0.30628108723840597,15.0,0.7217409212673744,4.0,,,0.14850851548585953,0.22893698602006735,0.0013805185298204703,0.13077586455327564,0.04264227348606109,0.1847396743399971,0.07290926569455825,0.1901069018903606
2015,Lituanie,0.22467746247950882,16.0,0.8658053892366369,1.0,,,0.11786152561971787,0.1593647515779719,7.401827544560187e-06,0.25274574543139244,0.002938484618437639,0.16766190300815495,0.05227601818989794,0.2471441697268828
2016,Espagne,0.6742761652453173,1.0,0.6787070071484298,5.0,0.1853839812868398,,0.09349890702147708,0.1142970052278237,0.09421174323710402,0.08699861107001323,0.15879441751553486,,0.17862396925149324,0.08819136538971417
2016,Finlande,0.6508480641583592,2.0,0.3916666666675,16.0,,,0.10719979510984151,0.16373762147152493,0.10974692153527248,0.1375924725760781,0.14083961602266204,,0.196742820717187,0.1441407525674339
2016,Pays-Bas,0.6369582594455441,3.0,0.4625042658967402,12.0,,,0.10990875727765416,0.1984094653829553,0.0015969772589601514,0.1478454528046431,0.191723489083931,,0.2116644639929659,0.13885139419889034
2016,Autriche,0.6063713581736547,4.0,0.5703304335192243,8.0,,,0.11681348289616214,0.18031402239640823,2.4893264185160556e-06,0.15280013588334052,0.17255207479164408,,0.20424882406202746,0.1732689706439991
2016,Luxembourg,0.6060897401029379,5.0,0.4559541065977265,13.0,,,0.11892891033339818,0.18530434070151428,0.0,0.1624821097730607,0.17652410529825913,,0.16397992814207016,0.1927806057516976
2016,Allemagne,0.6056339049600769,6.0,0.4508575585884119,14.0,,,0.11621862439473742,0.20008086692673188,5.0656539423564245e-05,0.15864420389389275,0.1613282374430721,,0.20197917856857603,0.1616982322335663
2016,Irlande,0.5985332317486036,7.0,0.5843092241228611,7.0,0.10984104054169803,,0.10442193797227836,0.17320396162939108,0.00017770855605820445,0.1088251548581866,0.18844242583458437,,0.17711431180785314,0.13797345879995027
2016,France,0.5922386539925693,8.0,0.4088898892439805,15.0,,,0.11960251286175948,0.17516508558538588,0.0010191231914027667,0.18027389681150352,0.17915182955197384,,0.1658729218166057,0.17891463018136886
2016,Belgique,0.5563605781520632,9.0,0.47235851662314043,11.0,,,0.1282226169891977,0.19513771627292276,0.00011360342209040166,0.19386341263815654,0.18478098857925268,,0.15623049247738124,0.1416511696209987
2016,Italie,0.4909287539788688,10.0,0.7983596719446974,2.0,,,0.14359167803845174,0.14168974363099113,0.0031429065195705754,0.1680171143342469,0.24328122533052418,,0.13365779951700954,0.1666195326292059
2016,Portugal,0.47875111127572717,11.0,0.4916565055377708,10.0,,,0.1353606111993031,0.16220589022343113,0.04157542149411327,0.1310017669015225,0.1420290561773748,,0.21117144354861903,0.1766558104556362
2016,Estonie,0.4194591739786974,12.0,0.6538286869010793,6.0,,,0.1459921274951284,0.26200573054781684,0.006282914392673002,0.13140090850062353,0.08212118391839371,,0.1871344489878643,0.18506268615750024
2016,République slovaque,0.3504505176388386,13.0,0.5102484602343171,9.0,0.0,,0.14878106991062473,0.1272398130629206,6.752590267143144e-07,0.13679418666839865,0.19275800537497662,,0.2012805052266467,0.193145744497406
2016,Grèce,0.33625787408300795,14.0,0.75,3.0,,,0.21242200386640972,0.08005793513962538,0.013529036895210853,0.09736210176004416,0.3221792496173275,,0.1583760447475712,0.11607362797381113
2016,Lettonie,0.2982833852249928,15.0,0.7217409212673744,4.0,,,0.17427473082968292,0.2799087318751613,0.0008215426737097925,0.15166478481183138,0.06441560380774489,,0.0855590173555995,0.24335558864627033
2016,Lituanie,0.22488450328227602,16.0,0.8658053892366369,1.0,,,0.13457487536276966,0.23472308333546488,4.246762629641292e-06,0.25673592447565213,0.0,,0.0894613782917771,0.2845004917717065
2017,Pays-Bas,0.6710360782989836,1.0,0.5175002866798752,6.0,0.18627910486849503,,0.09394596565433308,0.1636289047618269,0.0012620185634668153,0.1298466065940568,0.16062111593002193,,0.1608346421323714,0.10358164149542803
2017,Finlande,0.6487433711713794,2.0,0.3749207254479837,14.0,,,0.11010296922124858,0.16145699886003684,0.11010296922124858,0.14923176120046583,0.14122433951839622,,0.18965401042573743,0.13822695155286654
2017,Espagne,0.6152257974539452,3.0,0.5884295119244644,3.0,,,0.11542322629742703,0.13784929040829427,0.11792467537429545,0.11814265597481675,0.2025238112183631,,0.19169299904721915,0.11644334167958424
2017,Autriche,0.6082167396244001,4.0,0.4244400038163376,12.0,0.13689403834257788,,0.10027667220010449,0.157395311854722,3.094692112304608e-05,0.14384043937187163,0.14948590248092267,,0.1717513916736472,0.14032529715503114
2017,Irlande,0.6075319405402959,5.0,0.5,9.0,,,0.11899712552655882,0.1924524995761555,0.00018115421052154973,0.1298738114227443,0.21752766272362883,,0.19335619596324888,0.14761155057714223
2017,Luxembourg,0.5897620360133001,6.0,0.39256963344329976,13.0,,,0.11867987605216423,0.1781313948438667,0.0,0.17802682649325233,0.17980665954780836,,0.18644924045463127,0.158906002608277
2017,Belgique,0.5249013789122987,7.0,0.2883026863107082,16.0,,,0.13423402640646762,0.19914279931493914,0.0001149522147174074,0.19871499329155273,0.2013123879743709,,0.12605612830561336,0.1404247124923388
2017,France,0.5247959693010826,8.0,0.47772217773690495,10.0,0.06675851974012499,,0.1166455490529432,0.16836830845974057,0.0009196917028288825,0.15045239058894594,0.17696516041582797,,0.15361427095683788,0.16627610908275062
2017,Allemagne,0.500271764514284,9.0,0.5106038030572808,7.0,0.0,,0.11899268211352522,0.21382478372640362,5.118625297213018e-05,0.16404168523868015,0.17101794470253057,,0.1744445703407889,0.15762714762509944
2017,Italie,0.49787638489042013,10.0,0.8222222222233333,1.0,,,0.1410607796604448,0.1349083473749289,0.022969360402651323,0.15863511829088423,0.2585637264411397,,0.1264767337435698,0.1573859340863813
2017,Portugal,0.4941177649139072,11.0,0.3072710554810784,15.0,,,0.143104799870825,0.15857729158915423,0.03220452707767341,0.1528094814211595,0.1432965781039136,,0.19797960168792028,0.17202772024935395
2017,Estonie,0.4645328911635423,12.0,0.5318760820764239,5.0,,,0.13964698067793688,0.22776767794495006,0.038057757627604334,0.1458303522589855,0.09305615136986815,,0.19956811991860873,0.1560729602020463
2017,République slovaque,0.39732348781703736,13.0,0.4689941070423368,11.0,,,0.15131593445135624,0.12724121500467536,6.495579768375619e-07,0.1349142101791731,0.19853127007046034,,0.19991039785905343,0.18808632287730462
2017,Grèce,0.36494511882865893,14.0,0.5492692075740557,4.0,,,0.1957241452025202,0.07543343711832842,0.13092669973647814,0.09765665450328656,0.2948854318836525,,0.08590643661991766,0.1194671949358166
2017,Lituanie,0.28820340361102736,15.0,0.5062482894161757,8.0,,,0.16499267435458168,0.2025790607373786,3.1622159098841364e-06,0.2231139608006853,0.01771063028347249,,0.15627630488297123,0.23532420672500076
2017,Lettonie,0.2770222681164313,16.0,0.7507161870066361,2.0,,,0.19600761031927752,0.30185034484049245,0.000841432701900602,0.15243978355712956,0.04323789176194386,,0.06532681472025147,0.24029612209900456
2018,Pays-Bas,0.6508537458479384,1.0,0.5564089078850881,5.0,,0.09712993204921906,0.09031102408853721,0.14650998763123482,0.03689433947100783,0.12011292345212293,0.1455462511378861,0.11835010130881624,0.1456148038266265,0.09953063703454923
2018,Luxembourg,0.6489026842726536,2.0,0.5081735944409516,9.0,0.15410631273946518,0.08152223172548431,0.08372475175205202,0.11243148042822686,0.0402639772019671,0.12677541754370386,0.10785403360738609,0.09009315981856277,0.12169109847923683,0.08153753670391502
2018,Finlande,0.636689615759795,3.0,0.5499682901791936,6.0,0.05453306867435709,0.10691456665158157,0.09798982024457296,0.10601899156949277,0.10470826760243271,0.10508123262709455,0.09132118785194496,0.09620418457107638,0.1349776720012166,0.1022510082062304
2018,Autriche,0.6296969001621543,4.0,0.5752945657514327,3.0,,0.10327575338473322,0.11666024683253123,0.12982021387791337,0.03566339380207711,0.11852046999534298,0.1266567036999668,0.09921162591089759,0.14883798458813902,0.12135360790839876
2018,Irlande,0.6259782945350557,5.0,0.6094606290645236,1.0,,0.11139184866147556,0.11624739069006612,0.13977090813672982,0.02764346074296184,0.094994321290286,0.16816709303328511,0.08347953521270698,0.14603108799511436,0.11227435423737425
2018,Espagne,0.610587115607543,6.0,0.5598750207268507,4.0,,0.09207423447336387,0.11348258659071271,0.10549565128221777,0.09329430198431436,0.1123013083774923,0.15397336934158726,0.08374974882321651,0.15187711178370025,0.09375168734339491
2018,Allemagne,0.5738960370296898,7.0,0.5223270819807035,8.0,,0.08662855383778952,0.08816586155440037,0.15749837471345512,0.024182852983716373,0.13719800430780613,0.12777401886387726,0.13182654785622597,0.13351498446278212,0.11321080141994716
2018,France,0.5646769969235664,8.0,0.49403912692670093,10.0,,0.10074381457720903,0.09620650634000016,0.13250018730903979,0.01704294308997744,0.14241319218951284,0.1419146600951267,0.11410467211216098,0.1307603957918248,0.12431362849514828
2018,Belgique,0.5260892367504613,9.0,0.4568639682241771,13.0,,0.11384189121569102,0.10347144334983534,0.1433211820905828,0.010041462369937281,0.12749053250538198,0.14772834796497156,0.13924375832137842,0.10335203051547935,0.11150935166674233
2018,Estonie,0.4970557942379244,10.0,0.49335333213775423,12.0,,0.11493628909053265,0.12035380130198327,0.1750646610132481,0.03783164644954067,0.09270175378507053,0.06734331100857613,0.12852833359011606,0.13183428355820703,0.13140592020272554
2018,Italie,0.484264256329221,11.0,0.5978277205512808,2.0,0.10801748693629454,0.09363574991055389,0.09928583387325497,0.0919666498289243,0.017649497220863584,0.11372440341394698,0.17720104895222635,0.09512859905371399,0.09707936370229782,0.10631136710792358
2018,Portugal,0.4835366754177245,12.0,0.3842450414498969,16.0,,0.09496110197702881,0.11163321333598344,0.12515444017942745,0.019274574938149824,0.11709372247327418,0.1076898109411649,0.1248582909193462,0.15290982753279075,0.14642501770283442
2018,République slovaque,0.4691632404196665,13.0,0.4936853934709102,11.0,,0.10512353269476485,0.14374626105622088,0.10511034563776703,0.05058811851423127,0.10147503363701975,0.12082703812541941,0.12008694559280454,0.1375233360690175,0.1155193886727547
2018,Lituanie,0.3558842182564282,14.0,0.4024993157664703,15.0,,0.12418695901151741,0.11608573606961328,0.1258601807366893,0.059625884895292934,0.15917546663238277,0.008362805439284846,0.13436569073981075,0.1296125700918319,0.14272470638357684
2018,Lettonie,0.32485167195522585,15.0,0.5324039196480019,7.0,0.0,0.16660976645083933,0.15602177426455885,0.17859483585542912,0.04229186126370387,0.12013744504820087,0.021661843679023723,0.11368055259078008,0.038995913401314315,0.1620060074461498
2018,Grèce,0.31880839781362763,16.0,0.41722507488077804,14.0,,0.1161733420168202,0.14513896850340688,0.06839895684900646,0.04896962843217409,0.0478380990932677,0.2729361680792964,0.10352472627634995,0.09240261045229291,0.1046175002973854
2019,Espagne,0.6165559284635944,1.0,0.5884295119244644,3.0,0.11809896893506337,,0.10077744008225505,0.12896785542775036,0.10382905119426386,0.10575509121602679,0.16716156707559823,,0.1683656632719311,0.10704436279711121
2019,Finlande,0.6104145436230197,2.0,0.3749207254479837,14.0,,,0.11701649669848684,0.15685200213168204,0.11701649669848684,0.12577455314988717,0.13226288889975216,,0.2022205743476236,0.14885698807408126
2019,Irlande,0.6070495435306963,3.0,0.5,9.0,,,0.11909168759009499,0.17993233790722327,0.0002380852433278611,0.14003003607413722,0.20587489810915757,,0.19697058758949632,0.15786236748656268
2019,Pays-Bas,0.5897751594560282,4.0,0.5175002866798752,6.0,,,0.12216012706137977,0.2073366650665833,0.002100627971060559,0.17089652297989782,0.17371584565859619,,0.20525095928730677,0.11853925197517559
2019,Autriche,0.5858055683484491,5.0,0.4244400038163376,12.0,0.14482705000192753,,0.10411295815756774,0.15103977323361684,4.23891464144367e-05,0.1395187540459915,0.14753096251881184,,0.17689855569234303,0.13602955720332716
2019,Luxembourg,0.583388991384696,6.0,0.39256963344329976,13.0,,,0.1199763560299616,0.16269696482778195,0.0,0.18221140102757782,0.15436143892074883,,0.21257704217990722,0.16817679701402252
2019,Belgique,0.5458884435531306,7.0,0.2883026863107082,16.0,0.22898451410033177,,0.11293914185415642,0.1670310454980576,0.0001246313939753409,0.14227071783862766,0.13462775919486894,,0.10434644609537788,0.10967574402460442
2019,Allemagne,0.5453022478665774,8.0,0.5106038030572808,7.0,,,0.12476159105862815,0.21892471987529172,7.078602708873541e-05,0.18398881853463933,0.14523649545547612,,0.18242792031520752,0.14458966873366846
2019,France,0.5261107554277104,9.0,0.47772217773690495,10.0,,,0.13297605027265297,0.17547412682891986,0.0059935093864052855,0.19665435421695374,0.14868396398380984,,0.17491866177067267,0.1652993335405856
2019,Italie,0.4611830052729885,10.0,0.8222222222233333,1.0,,,0.15228408294359103,0.13167132117128116,0.006811085279719764,0.17408999298066063,0.256311733954469,,0.14353759073759714,0.1352941929326812
2019,Estonie,0.4412204347763239,11.0,0.5318760820764239,5.0,0.10745810174978328,,0.12864723445047144,0.19969197600177094,0.008551572337114467,0.12644947333869141,0.0973426056289084,,0.17821152096980117,0.1536475155234589
2019,Portugal,0.40621156780637563,12.0,0.3072710554810784,15.0,0.0,,0.152314214516751,0.16134076469838024,0.027526674882140646,0.15767330828802523,0.12943647983123158,,0.19168516462266225,0.18002339316080906
2019,République slovaque,0.40535036796636376,13.0,0.4689941070423368,11.0,,,0.1483195269813989,0.14707880608206614,7.839405327017246e-07,0.14344669384336073,0.20096773074373753,,0.19405024629685189,0.16613621211205215
2019,Grèce,0.3462482428965626,14.0,0.5492692075740557,4.0,0.08351988495824435,,0.18050633117197104,0.09165128338628206,0.037763362808624065,0.10249903574057054,0.3112178084934011,,0.0852139773996012,0.1076283160413056
2019,Lettonie,0.31983301038764633,15.0,0.7507161870066361,2.0,,,0.1697713213308303,0.26968360791570284,0.0009321656498737762,0.1819082822677437,0.08501774189253151,,0.05658259715184464,0.2361042837914733
2019,Lituanie,0.3075368659903484,16.0,0.5062482894161757,8.0,0.08984694677518715,,0.13529278480452991,0.1723790295838286,3.2914580503734046e-06,0.2066637947588923,0.061709711270037076,,0.14214172828683005,0.19196271306264448
2020,Finlande,0.629564865755537,1.0,0.2972474082755304,13.0,,,0.11345704837395972,0.1540265542904069,0.11345704837395972,0.1484130810176655,0.14344692866281225,,0.19245569061959014,0.13474364866160568
2020,Pays-Bas,0.6078994769128039,2.0,0.5064386865597973,5.0,,,0.11699122795847397,0.20087138777852687,0.0013400449124538621,0.1605253842825015,0.20659877830230008,,0.19770159111919192,0.11597158564655193
2020,Luxembourg,0.6021861867712889,3.0,,,,,,0.1837262950179898,0.0,0.1968549521934164,0.2204071974968727,,0.23456070959774583,0.1644508456939753
2020,Espagne,0.600956944520626,4.0,0.41795138126661047,9.0,,,0.11988494003800666,0.15535211034042345,0.120664265893925,0.12158125663583579,0.19950285808872933,,0.19308541650096772,0.08992915250211202
2020,Autriche,0.5854294916185347,5.0,0.32999999999934004,12.0,,,0.12223321936039094,0.17968086758639293,3.202052424325359e-05,0.15301353622184327,0.18515619833255237,,0.20050992834511958,0.15937422962945777
2020,Allemagne,0.5526008590286288,6.0,0.2899863378831571,14.0,,,0.1286106079304192,0.20412787016735617,4.6196153954242546e-05,0.1749279685819801,0.15159059105895092,,0.18492014603864362,0.15577662006869572
2020,France,0.5411662991287592,7.0,0.247568523861104,15.0,,,0.131994320012069,0.19491315269907383,0.0009467616998251443,0.15361202715892053,0.18925608682778103,,0.17020638487516018,0.15907126672717029
2020,Irlande,0.5210916310314829,8.0,0.388215262688226,10.0,0.0,,0.12090084692629416,0.19284076894305777,0.0001984284281336941,0.12749787584496328,0.22002598873646645,,0.16821700918996926,0.17031908193111533
2020,Italie,0.5200801755527473,9.0,0.5475464332952873,3.0,,,0.13832825888615824,0.13550202088208732,0.0035039293966638105,0.18933213521836745,0.2682625857682095,,0.14744185574203433,0.11762921410647938
2020,Belgique,0.50185129744785,10.0,0.3724961807495946,11.0,,,0.13760662937128573,0.21605175465305598,0.00010221304506273015,0.1737983766545237,0.2048018123465902,,0.12295908296263591,0.1446801309668458
2020,République slovaque,0.4777693283427513,11.0,0.43341671058373143,7.0,0.2616325339125267,,0.12552599641534276,0.12534409353859965,3.837743860342806e-07,0.09364679712402948,0.11720228363690646,,0.1548879351419573,0.12175997645625164
2020,Portugal,0.47449863948576204,12.0,0.4225121903346607,8.0,,,0.1453475255283029,0.16321678219807642,0.031979596169210575,0.15693316251937184,0.12128777143275753,,0.21433385495281643,0.16690130719946425
2020,Estonie,0.45611948685891296,13.0,0.44764976297243564,6.0,,,0.14496030903721863,0.2034689067968142,0.032646774840000566,0.13627728449534268,0.1336183246677202,,0.1777996820846787,0.17122871807822498
2020,Lettonie,0.3585979175845023,14.0,0.5417664966104045,4.0,,,0.18927399045290913,0.2580466360308771,0.0005463587493588831,0.1543078070531485,0.06453724116631787,,0.11045513873292026,0.22283282781446834
2020,Grèce,0.3545532661121457,15.0,0.69000000000162,1.0,,,0.20146076275596478,0.08990957571746913,0.011282683454256941,0.10587272609739318,0.34618052573077246,,0.13234051664575658,0.11295320959838695
2020,Lituanie,0.28109843209784063,16.0,0.6584693137028372,2.0,,,0.09029815342976084,0.24388418285477986,2.7138856168401553e-06,0.27712422687799454,0.0,,0.12777906754237772,0.2609116554094702
2021,Espagne,0.6145261258260162,1.0,0.450066567077566,10.0,,,0.11723779385691474,0.13556863847554482,0.14077623403657982,0.12284591202824775,0.19001038842465454,,0.18084204650370986,0.1127189866743484
2021,Luxembourg,0.6144228415530737,2.0,0.5293886215346738,3.0,0.08054478225653358,,,0.1720963832833164,0.0,0.1785432323078208,0.21242586919964504,,0.18263387934573538,0.17375585360694884
2021,Irlande,0.6056322187249165,3.0,0.4212251124955803,13.0,0.13657240161339718,,0.10402422059141742,0.17378324663468048,0.0,0.11994293662522845,0.18579991768518572,,0.14473548958572396,0.13514178726436676
2021,Pays-Bas,0.6016053372164927,4.0,0.5576237539533502,1.0,0.11397233363785655,,0.10343831602682643,0.1813940133983691,0.0,0.14118690438048967,0.1774395965690461,,0.1721499360498385,0.11041889993757353
2021,Finlande,0.549840011118819,5.0,0.5188989633102121,4.0,0.1020038990738714,,0.11366942880861741,0.15489933084806445,0.0,0.15644435799979167,0.14188429277066322,,0.19260538460512042,0.13849330589387132
2021,Autriche,0.5450938917980539,6.0,0.5478372321146882,2.0,0.09242864378077795,,0.11486840336603225,0.16323197923785698,0.0,0.14714331659632934,0.1729863788911554,,0.18346411080765107,0.12587716732019708
2021,France,0.49431488926691375,7.0,0.27027263796311984,16.0,0.08485974104114102,,0.1264417061182855,0.15387171725054788,0.00011041371060380437,0.1664732636397363,0.1762072074964387,,0.15092323691107448,0.1411127138321723
2021,Grèce,0.48312783705665147,8.0,0.4307923608948475,12.0,,,0.1478461101801421,0.06200075993754357,0.2956922203602842,0.0826521654896778,0.251708780615935,,0.09045414651517061,0.06964581690124676
2021,Italie,0.4825853533025698,9.0,0.4743360997283532,7.0,,,0.14907577420882315,0.15269117926888706,0.022412840066153662,0.1671000511243905,0.24454947909761776,,0.1434047672260875,0.1207659090080404
2021,Belgique,0.47728810295574875,10.0,0.48425008283623167,6.0,0.09072542350214789,,0.12660237480732225,0.19901695842458159,0.0,0.16686956210234494,0.19837378643785702,,0.10930744213054172,0.10910445259520461
2021,Estonie,0.44614571982778084,11.0,0.4714264977010917,8.0,0.11858286611251588,,0.12967583567467053,0.18669163235429467,0.0,0.13915410994902214,0.0940541002195662,,0.19104159631414822,0.1407998593757824
2021,Portugal,0.4419248201661715,12.0,0.46433964528145266,9.0,0.10107563919637133,,0.13655332303724263,0.1490277604721061,0.01795787524995455,0.15404234513928947,0.08406188001875185,,0.19838979126536666,0.1588913856209173
2021,Allemagne,0.43556444894313967,13.0,0.38868535672576804,15.0,0.0,,0.14277230618939685,0.2065851334945263,0.0,0.18476060517515858,0.125483626583262,,0.18407795557432757,0.15632037298332863
2021,République slovaque,0.3810283378622726,14.0,0.44877069211565707,11.0,,,0.1798815469687963,0.17200073229677304,0.0,0.12551806150140096,0.13996055812650374,,0.22162183457340703,0.16101726653311896
2021,Lettonie,0.35848207703348783,15.0,0.39047227259366896,14.0,0.17434623375651084,,0.1656682586954244,0.2233073549343621,0.0,0.15155255216973784,0.013773558724832116,,0.09667947748159907,0.17467256423753366
2021,Lituanie,0.27892598904891386,16.0,0.5044479631267944,5.0,,,0.09100144965690089,0.25020028431587865,0.0,0.2148715962923186,0.01685709090190376,,0.1844015189887293,0.24266805984426873
2022,Pays-Bas,0.6217730250104674,1.0,0.6039009399498898,2.0,,0.10824798150504125,0.09870279903331339,0.15222517333716507,0.0,0.13040934191256992,0.15356407753207668,0.12460122531085627,0.12937252987289954,0.10287687149607785
2022,Espagne,0.6207739129088572,2.0,0.47860372172697946,12.0,,0.0844804390375819,0.10280929574464953,0.09441866735828783,0.17898804830644452,0.09238715517879609,0.15210866298058354,0.08000462357556463,0.12864156604226257,0.08616154177582933
2022,Luxembourg,0.6095534791297597,3.0,0.3531213732521913,16.0,,0.09847020113921152,0.10923041969381216,0.14362401304144357,0.0,0.16015399521658788,0.18740654381681202,,0.1708901191334059,0.13022470795872687
2022,Autriche,0.5944533248914644,4.0,0.5881678812126294,3.0,,0.11612733981643465,0.12178214935890443,0.14898854177969886,0.0,0.12501366720132256,0.13347347832298675,0.10739527708581927,0.13932169838838418,0.10789784804644935
2022,Irlande,0.5901062360165883,5.0,0.4985155607540818,11.0,,0.0969553648982259,0.12067766343667966,0.15535549323356523,0.0,0.11454511421851571,0.17460455276330936,0.09599864929461455,0.12857325813573756,0.11328990401935195
2022,France,0.5700282096419564,6.0,0.3848363559782242,15.0,0.17542991435952188,0.07789888449225882,0.0706592847785744,0.12658648243366308,0.03539532012552514,0.11092886545162571,0.11634420758550404,0.09536213718490513,0.08968756889739787,0.101707334691024
2022,Finlande,0.5610368240305864,7.0,0.55495126242867,4.0,,0.13222757179380445,0.10438793960031738,0.12896866552601213,0.0,0.13224691412952672,0.10828226360770547,0.12216134226988153,0.1633330242360273,0.10839227883672511
2022,Allemagne,0.557651769518741,8.0,0.41722112191088656,14.0,,,0.11151500679966182,0.18754670585311797,0.0,0.19949066186595904,0.11092264407080164,0.130627229342002,0.13581229115487645,0.12408546091358101
2022,Belgique,0.5115094136414331,9.0,0.5105209863751223,8.0,,0.12677057106652767,0.11633728354663343,0.17365480260174446,0.0,0.13554179763983526,0.169780575051637,0.12968942196716918,0.050048149347180174,0.09817739877927287
2022,Italie,0.4939409793182802,10.0,0.5219485620954106,7.0,0.11229193237031285,0.10458567172785128,0.08860014627872394,0.11643029114147684,0.030833266027011346,0.11443152054939836,0.17057707105218586,0.0911187262276167,0.08064390331919334,0.09048747130622943
2022,Estonie,0.4828498418271569,11.0,0.5519174209217004,5.0,,0.1324123614041838,0.12300573331471056,0.16805153485357066,0.0,0.10676269296872283,0.05507233569538293,0.13458547036295626,0.1575175002517756,0.1225923711486974
2022,Portugal,0.46079184412370466,12.0,0.5099255946948317,9.0,0.0,0.1177159393163353,0.12036119952141922,0.13649029205780067,0.04716940232743992,0.11831658592891803,0.10783239161956662,0.09674228143477052,0.1254282817389354,0.12994362605481435
2022,République slovaque,0.42973041346197743,13.0,0.5434945507187064,6.0,,0.11897060796657642,0.16065758625635937,0.12160117880577455,0.0,0.09820535731552275,0.12524969966846508,0.13161231811276008,0.13101857248561377,0.11268467938892793
2022,Lettonie,0.37658204793314687,14.0,0.500577458063669,10.0,0.09520488785564753,0.16469351440209973,0.14342353687201495,0.17728674573515252,0.0,0.10733084635679009,0.008808090569167426,0.10312362351507805,0.07200212581775002,0.12812662887629972
2022,Lituanie,0.36680725145408305,15.0,0.6672822947352343,1.0,,0.15730482157241782,0.1143618562134855,0.16446720960195269,0.0,0.17877322481380256,0.022016530936881634,0.13050680144278914,0.10488066625103531,0.1276888891676353
2022,Grèce,0.32892813564691137,16.0,0.4715577894276805,13.0,,0.11259917599993491,0.1407863968451702,0.09491202651127037,0.034515938800330916,0.10265749442513718,0.2633975046233616,0.07228249437863972,0.06912124074631197,0.10972772766984319
2023,Luxembourg,0.6887053932713977,1.0,0.412238030377584,14.0,0.11885018715033989,,0.09113974480579869,0.1697958798469828,0.0,0.18149995806805208,0.1630518333474328,,0.16217357364413912,0.11348882313725457
2023,Finlande,0.6320099155448353,2.0,0.6098834597936593,3.0,0.09506568594494204,,0.0879029809329224,0.1295648997575759,0.0,0.11112216591034274,0.12691916740656994,0.1758059618658448,0.17341304738489302,0.10020609079690918
2023,Pays-Bas,0.6235482598406239,3.0,0.5863937724800133,5.0,0.09729484291831689,,0.08761093053298469,0.15215393126761123,0.0,0.1270549823736863,0.14628164156767365,0.14035497976713726,0.15516816614268297,0.09408052542990698
2023,Autriche,0.5864338027562995,4.0,0.5581597487117371,6.0,,,0.10851611441090175,0.1628188480782566,0.0,0.1710172248582961,0.155547601170467,0.09653298056222863,0.18170456994992684,0.12386266096992313
2023,Espagne,0.5843313529976096,5.0,0.4411686215394014,12.0,0.07346541402790183,,0.09639455540385122,0.10733061049204315,0.17817469892979462,0.10814160962060078,0.15751753119614154,0.04479536848620492,0.16272603065066596,0.07145418119279599
2023,Irlande,0.5835597760986176,6.0,0.5176279579224325,8.0,0.11784678766918688,,0.09676497429985041,0.15309078302557141,0.0,0.12287603440040569,0.18209106809605094,0.08931877092929394,0.13398581671581147,0.1040257648638292
2023,Belgique,0.5718809875333705,7.0,0.6034209783164421,4.0,0.10144843336395526,,0.0973688749950237,0.16691889744021238,0.0,0.14948114637513538,0.15301206783089857,0.12921896081376705,0.10318936213227863,0.09936225704872902
2023,Allemagne,0.5584773586335996,8.0,0.4427162061469252,11.0,0.10192803753782526,,0.10102132887035656,0.15529103305232234,0.0,0.17310217679605655,0.11227317126412423,0.1172151148002506,0.13808247535258142,0.101086662326483
2023,Estonie,0.5015460148575841,9.0,0.5421075443748287,7.0,0.08624624701530828,,0.10815831866947935,0.14261477421785126,0.0,0.11797198250027258,0.06625944364375935,0.15858271995438786,0.19465980698167362,0.12550670701726765
2023,France,0.48811373582388057,10.0,0.39631617817103965,16.0,0.11918096079228878,,0.11442765498923224,0.15252185438312532,0.005999946035555731,0.15559722477471438,0.14256338319952497,0.07352742586741912,0.11813457069422438,0.1180469792639151
2023,Grèce,0.438459907716086,11.0,0.4075419518696021,15.0,0.09899817738337217,,0.14254438980649137,0.08911949509867147,0.28508877961298273,0.023197474349224322,0.23889077467771347,,0.038728037289944936,0.08343287178159942
2023,Italie,0.42220311421969975,12.0,0.47436186073396264,10.0,0.12583986195111557,,0.1270429575696374,0.14048001960666126,0.0265653680118187,0.16651458012755843,0.23181108288708846,0.03157654965109206,0.050617362359962684,0.09955221783506539
2023,Portugal,0.421047873945333,13.0,0.4864651686164653,9.0,0.12096397238295371,,0.12850479886844607,0.1622728613610339,0.03825192644916824,0.13328299598585652,0.09938576935112241,0.0,0.1645384747465783,0.15279920085484094
2023,République slovaque,0.39835623730781905,14.0,0.6199258860617672,2.0,0.11629324500313436,,0.12578698263475857,0.10218546867898387,0.0,0.10454390510783987,0.16142588243619013,0.11802059580060507,0.15314663600184403,0.11859728433664417
2023,Lettonie,0.36652945096436906,15.0,0.43326350695531446,13.0,0.1515718734453243,,0.13322568943943955,0.1777794879269579,0.0,0.12929653243817074,0.0017158927707783597,0.16226378842131037,0.08999579985816131,0.15415093569985738
2023,Lituanie,0.3310760743701005,16.0,0.6321697256798838,1.0,,,0.12819808848374742,0.18277907540757826,0.0,0.20357985281532692,0.04498846574516556,0.0430650152882885,0.19674285208460143,0.20064665017529187
2024,Luxembourg,0.8502039460213567,1.0,0.49781767444304,10.0,,,,0.25929117343161945,,0.29107692175840716,0.24133871531989873,,,0.20829318949007472
2024,Pays-Bas,0.7272317896911455,2.0,0.6317160984784799,4.0,,,0.1126799819217093,0.19170460799414782,,0.1960886608937414,0.17886485466720958,,0.1865981593520774,0.1340637351711145
2024,Belgique,0.6975434200353653,3.0,0.5694566003146391,8.0,0.2048003590226685,,0.10263583826367988,0.17671047660476527,,0.15455367757266883,0.15249705405397598,,0.08454980808291289,0.12425278639932867
2024,Autriche,0.6936350814297381,4.0,0.6606733359670378,2.0,0.12296334876653611,,0.10485137434538805,0.15968390582266326,,0.17035953673672366,0.12943580889470413,,0.1740804387673681,0.1386255866666166
2024,Finlande,0.6661899111624195,5.0,0.713564216407306,1.0,0.09167038028524697,,0.10721953339692182,0.1561390803072111,,0.16195830574600095,0.1545599963417951,,0.2122053265147411,0.11624737740808286
2024,Allemagne,0.6406676680967165,6.0,0.5226960246130202,9.0,,,0.13209217755777852,0.20732833780915266,,0.23333921258510798,0.11891482494484118,,0.144783233378235,0.16354221372488467
2024,Irlande,0.5999952891190309,7.0,0.6238163930492523,6.0,0.0,,0.1210041216384713,0.2035551074161618,,0.15615406430666404,0.23809710750712568,,0.13985168113141758,0.1413379180001596
2024,Espagne,0.5984418211775869,8.0,0.4719685451425802,12.0,,,0.14118254854723958,0.1612242802534401,,0.16287167308343808,0.20068123446321515,,0.21526993277098488,0.11877033088168222
2024,Estonie,0.5934461766583757,9.0,0.6249702277657327,5.0,,,0.13711363179006938,0.2199395992024701,,0.15569093196638675,0.07803510660748803,,0.26651661351450745,0.14270411691907836
2024,France,0.581306921645885,10.0,0.4281503212284836,15.0,,,0.14412449279001882,0.18172759365285918,,0.1990314141096215,0.15515847717254516,,0.12708140324661285,0.19287661902834258
2024,Italie,0.486213696541645,11.0,0.47839108903452326,11.0,,,0.1654764130682647,0.18139102780996438,,0.2172375358938868,0.29960121883410756,,0.0035706750415707665,0.13272312935220576
2024,Portugal,0.47877024799244383,12.0,0.46314296647241837,13.0,0.0021528391138579007,,0.14530084501159374,0.1984552138671367,,0.1615028509434186,0.06607330238328282,,0.2307651312277696,0.19574981745294068
2024,Lettonie,0.3993180310264286,13.0,0.46227010088604237,14.0,,,0.1834295035929224,0.25947442193613196,,0.15247657127696249,0.000673190748762576,,0.24994782532818302,0.15399848711703748
2024,République slovaque,0.39550077372402104,14.0,0.6202516449100438,7.0,,,0.19004272216538667,0.14430591464666495,,0.1673912294242846,0.18644572881312982,,0.13509380705460403,0.1767205978959298
2024,Lituanie,0.3521638485567795,15.0,0.6441610164963663,3.0,0.0036585076827648157,,0.13773887208107896,0.09808053562984854,,0.23125591755262478,0.059076019203635366,,0.23896065573933073,0.2312294921107169
2024,Grèce,0.3306599508566866,16.0,0.3203125,16.0,,,0.25202124756091604,0.12052270733866995,,0.03787700865099802,0.43639219406186924,,0.020573163066197223,0.13261367932134954
